<?xml version = "1.0" encoding = "utf-8" ?>

<!--********** Copyright 2016 Roku Corp.  All Rights Reserved. **********-->

<component name = "ContentNodeExample" extends = "Group" >

  <script type = "text/brightscript" >

    <![CDATA[

    sub init()
      m.item = m.top.findNode("itemLabel")

      m.item.font.size = m.item.font.size+5
      
      m.content = m.top.findNode("exampleContentNode")
      m.contentitems = m.content.getChildCount()
      m.currentitem = 0

      examplerect = m.top.boundingRect()
      centerx = (1280 - examplerect.width) / 2
      centery = (720 - examplerect.height) / 2
      m.top.translation = [ centerx, centery ]

      showcontentitem()
    end sub

    sub showcontentitem()
      itemcontent = m.content.getChild(m.currentitem) 
      m.item.text = itemcontent.title 
    end sub

    function onKeyEvent(key as String,press as Boolean) as Boolean
      if press then 
        if key = "OK" 
          m.currentitem++ 

          if (m.currentitem = m.contentitems) 
            m.currentitem = 0
          end if

          showcontentitem()

          return true 
        end if
      end if

      return false
    end function

    ]]>

  </script>

  <children >

    <Rectangle 
      id = "exampleDisplay" 
      width = "560" 
      height = "360" 
      color = "0x101010C0" >

      <Label 
        translation = "[ 0, 100 ]" 
        width = "560" 
        height = "24" 
        horizAlign = "center" 
        text = "Press OK For Next Content Item" />

      <Label 
        id = "itemLabel" 
        translation = "[ 0, 200 ]" 
        width = "560" 
        height = "24" 
        horizAlign = "center"
        color = "0xEBEB10FF" />

    </Rectangle>

    <ContentNode id = "exampleContentNode" >

      <ContentNode title = "UI Playground" />
      <ContentNode title = "Renderable Nodes" />
      <ContentNode title = "Z-Order/Parent-Child" />
      <ContentNode title = "Animations" />
      <ContentNode title = "Events and Observers" />
      <ContentNode title = "Typography" />
      <ContentNode title = "Control Nodes" />
      <ContentNode title = "Lists and Grids" />
      <ContentNode title = "Dialogs" />
      <ContentNode title = "Widgets" />
      <ContentNode title = "Layout/Groups" />
      <ContentNode title = "Sliding Panels"  />
      <ContentNode title = "Media Playback" />

    </ContentNode>

  </children>

</component>
