<?xml version = "1.0" encoding = "utf-8" ?>

<!--********** Copyright 2016 Roku Corp.  All Rights Reserved. **********-->

<component name = "AnimationColorExample" extends = "Group" >

  <script type = "text/brightscript" >

    <![CDATA[

    sub init()
      examplerect = m.top.boundingRect()
      centerx = (1280 - examplerect.width) / 2
      centery = (720 - examplerect.height) / 2
      m.top.translation = [ centerx, centery ]

      m.coloranimation = m.top.FindNode("exampleColorAnimation")
      m.coloranimation.repeat = true
      m.coloranimation.control = "start"
    end sub

    ]]>

  </script>

  <children >

    <Rectangle 
	    id = "exampleRectangle" 
      width = "512" 
      height = "288" 
      color = "0x1010EBFF" />

    <Animation 
      id = "exampleColorAnimation" 
      duration = "5" 
      easeFunction = "linear" >

      <ColorFieldInterpolator 
        key = "[ 0.0, 0.5, 1.0 ]" 
        keyValue = "[ 0x1010EBFF, 0x10101FFF, 0x1010EBFF ]" 
        fieldToInterp = "exampleRectangle.color" />

    </Animation>

  </children>

</component>
